{
    "solutions": [
        {
            "solutionCode": "CIFRWE-DXCO",
            "familyCode": "CI",
            "marketCode": "FR",
            "conditions": null,
            "communicationKit": {
                "solutionCode": "CIFRWE-DXCO",
                "visualTitle": "Offrez-vous la sérénité",
                "visualDescription": "Prolongez la durée de vie de votre appareil au-delà de la garantie légale",
                "visualInformationIcon": "https://baas-digital-showcase-dev.hml.boapi.aws.socgen/app/merchantKit/visual_information_icon.svg",
                "visualAdditionalInformation": "Détails de l'Extension de garantie :\n - Une  garantie qui couvre la panne des produits neufs et reconditionnés quelle qu’en soit la cause",
                "visualLegalText": "Scalexpert est le seul partenaire e-commerce à allier le savoir-faire banque & assurance de Société Générale à la réactivité d’une entreprise à taille humaine, au plus près de vos besoins.  ",
                "visualTableImage": null,
                "visualLogo": "https://baas-digital-showcase-dev.hml.boapi.aws.socgen/app/merchantKit/warranty_extension_visual_logo.jpg",
                "visualInformationNoticeURL": "https://baas-digital-showcase-dev.hml.boapi.aws.socgen/app/merchantKit/warranty_extension_information_notice.pdf",
                "visualProductTermsURL": "https://baas-digital-showcase-dev.hml.boapi.aws.socgen/app/merchantKit/warranty_extension_product_terms.pdf"
            }
        }
    ]
}