{
    "solutions": [
        {
            "solutionCode": "SCFRSP-4XTS",
            "familyCode": "SC",
            "marketCode": "FR",
            "conditions": "TS",
            "communicationKit": {
                "solutionCode": "SCFRSP-4XTS",
                "visualTitle": "Payez en 4 fois",
                "visualDescription": "4 mois",
                "visualInformationIcon": "https://scalexpert.hml.societegenerale.com/app/merchantKit/visual_information_icon.svg",
                "visualAdditionalInformation": "credit 4X",
                "visualLegalText": "text marketing (cf powerpoint)",
                "visualTableImage": "https://scalexpert.hml.societegenerale.com/app/merchantKit/e_financing_visual_table_image.jpg",
                "visualLogo": "https://scalexpert.hml.societegenerale.com/app/merchantKit/e_financing_visual_logo_FR.svg",
                "visualInformationNoticeURL": "https://scalexpert.hml.societegenerale.com/app/merchantKit/warranty_extension_information_notice.pdf",
                "visualProductTermsURL": "https://scalexpert.hml.societegenerale.com/app/merchantKit/warranty_extension_product_terms.pdf"
            }
        },
        {
            "solutionCode": "SCFRSP-4XPS",
            "familyCode": "SC",
            "marketCode": "FR",
            "conditions": "PS",
            "communicationKit": {
                "solutionCode": "SCFRSP-4XPS",
                "visualTitle": "Payez en 4 fois",
                "visualDescription": "4 mois",
                "visualInformationIcon": "https://scalexpert.hml.societegenerale.com/app/merchantKit/visual_information_icon.svg",
                "visualAdditionalInformation": "credit 4X",
                "visualLegalText": "text marketing (cf powerpoint)",
                "visualTableImage": "https://scalexpert.hml.societegenerale.com/app/merchantKit/e_financing_visual_table_image.jpg",
                "visualLogo": "https://scalexpert.hml.societegenerale.com/app/merchantKit/e_financing_visual_logo_FR.svg",
                "visualInformationNoticeURL": "https://scalexpert.hml.societegenerale.com/app/merchantKit/warranty_extension_information_notice.pdf",
                "visualProductTermsURL": "https://scalexpert.hml.societegenerale.com/app/merchantKit/warranty_extension_product_terms.pdf"
            }
        },
        {
            "solutionCode": "SCFRLT-TXNO",
            "familyCode": "SC",
            "marketCode": "FR",
            "conditions": null,
            "communicationKit": {
                "solutionCode": "SCFRLT-TXNO",
                "visualTitle": "Un crédit conso classique",
                "visualDescription": "longue durée",
                "visualInformationIcon": "https://scalexpert.hml.societegenerale.com/app/merchantKit/visual_information_icon.svg",
                "visualAdditionalInformation": "long term credit France",
                "visualLegalText": "text marketing (cf powerpoint)",
                "visualTableImage": "https://scalexpert.hml.societegenerale.com/app/merchantKit/e_financing_visual_table_image.jpg",
                "visualLogo": "https://scalexpert.hml.societegenerale.com/app/merchantKit/e_financing_visual_logo_FR.svg",
                "visualInformationNoticeURL": "https://scalexpert.hml.societegenerale.com/app/merchantKit/warranty_extension_information_notice.pdf",
                "visualProductTermsURL": "https://scalexpert.hml.societegenerale.com/app/merchantKit/warranty_extension_product_terms.pdf"
            }
        },
        {
            "solutionCode": "SCFRLT-TXPS",
            "familyCode": "SC",
            "marketCode": "FR",
            "conditions": null,
            "communicationKit": {
                "solutionCode": "SCFRLT-TXPS",
                "visualTitle": "Un crédit conso classique",
                "visualDescription": "longue durée",
                "visualInformationIcon": "https://scalexpert.hml.societegenerale.com/app/merchantKit/visual_information_icon.svg",
                "visualAdditionalInformation": "long term credit France",
                "visualLegalText": "text marketing (cf powerpoint)",
                "visualTableImage": "https://scalexpert.hml.societegenerale.com/app/merchantKit/e_financing_visual_table_image.jpg",
                "visualLogo": "https://scalexpert.hml.societegenerale.com/app/merchantKit/e_financing_visual_logo_FR.svg",
                "visualInformationNoticeURL": "https://scalexpert.hml.societegenerale.com/app/merchantKit/warranty_extension_information_notice.pdf",
                "visualProductTermsURL": "https://scalexpert.hml.societegenerale.com/app/merchantKit/warranty_extension_product_terms.pdf"
            }
        }
    ]
}